lap_distance_m,speed_kph,throttle,brake
0.0,282.0,1.0,0.0
5.0,282.0320311800018,1.0,0.0
10.0,283.1520025087358,1.0,0.0
15.0,284.2719738374698,1.0,0.0
20.0,285.39194516620375,1.0,0.0
25.0,286.51191649493774,1.0,0.0
30.0,287.37521613832854,1.0,0.0
35.0,288.0402571491909,1.0,0.0
40.0,288.7052981600532,1.0,0.0
45.0,289.37033917091554,1.0,0.0
50.0,290.01371134020616,1.0,0.0
55.0,290.2714432989691,1.0,0.0
60.0,290.52917525773194,1.0,0.0
65.0,290.78690721649485,1.0,0.0
70.0,291.21136127890657,1.0,0.0
75.0,292.4316919885289,1.0,0.0
80.0,293.6520226981512,1.0,0.0
85.0,294.8723534077735,1.0,0.0
90.0,295.3687505147846,1.0,0.0
95.0,295.7805782060786,1.0,0.0
100.0,296.19240589737257,1.0,0.0
105.0,296.6042335886665,1.0,0.0
110.0,297.01606127996047,1.0,0.0
115.0,297.42788897125445,1.0,0.0
120.0,297.83971666254837,1.0,0.0
125.0,298.22905572639314,1.0,0.0
130.0,298.60406510162755,1.0,0.0
135.0,298.9790744768619,1.0,0.0
140.0,299.3540838520963,1.0,0.0
145.0,299.7290932273307,1.0,0.0
150.0,300.23480651300486,1.0,0.0
155.0,301.08065130048635,1.0,0.0
160.0,301.92649608796785,1.0,0.0
165.0,302.77234087544934,1.0,0.0
170.0,303.61818566293084,1.0,0.0
175.0,304.2305042016807,1.0,0.0
180.0,304.65067226890756,1.0,0.0
185.0,305.07084033613444,1.0,0.0
190.0,305.4910084033613,1.0,0.0
195.0,305.91117647058826,1.0,0.0
200.0,306.43067792907596,1.0,0.0
205.0,306.97680768950704,1.0,0.0
210.0,307.5229374499381,1.0,0.0
215.0,308.0690672103692,1.0,0.0
220.0,308.61519697080024,1.0,0.0
225.0,309.10719988387285,1.0,0.0
230.0,309.4700972564959,1.0,0.0
235.0,309.8329946291189,1.0,0.0
240.0,310.0976306746247,1.0,0.0
245.0,310.2784952070899,1.0,0.0
250.0,310.45935973955505,1.0,0.0
255.0,310.64022427202025,1.0,0.0
260.0,310.82108880448544,1.0,0.0
265.0,311.00517588421354,1.0,0.0
270.0,311.4844244225055,1.0,0.0
275.0,311.96367296079745,1.0,0.0
280.0,312.44292149908944,1.0,0.0
285.0,312.92217003738136,1.0,0.0
290.0,313.2000573230152,1.0,0.0
295.0,313.43890321964267,1.0,0.0
300.0,313.6777491162702,1.0,0.0
305.0,313.9165950128977,1.0,0.0
310.0,314.23242857142856,1.0,0.0
315.0,314.58957142857145,1.0,0.0
320.0,314.9467142857143,1.0,0.0
325.0,315.0,1.0,0.0
330.0,315.0,1.0,0.0
335.0,315.0105362776025,1.0,0.0
340.0,315.32599369085176,1.0,0.0
345.0,315.64145110410095,1.0,0.0
350.0,315.95690851735014,1.0,0.0
355.0,316.2723659305994,1.0,0.0
360.0,316.5878233438486,1.0,0.0
365.0,316.9032807570978,1.0,0.0
370.0,317.19624158034753,1.0,0.0
375.0,317.47925510839417,1.0,0.0
380.0,317.7622686364408,1.0,0.0
385.0,318.02514853352613,1.0,0.0
390.0,318.1823268680645,1.0,0.0
395.0,318.3395052026029,1.0,0.0
400.0,318.4966835371412,1.0,0.0
405.0,318.6538618716796,1.0,0.0
410.0,318.81104020621797,1.0,0.0
415.0,318.96821854075637,1.0,0.0
420.0,319.0,1.0,0.0
425.0,319.0,1.0,0.0
430.0,319.0,1.0,0.0
435.0,319.0890810658792,1.0,0.0
440.0,319.44062434085635,1.0,0.0
445.0,319.79216761583353,1.0,0.0
450.0,320.08187134502924,1.0,0.0
455.0,320.282143715453,1.0,0.0
460.0,320.48241608587676,1.0,0.0
465.0,320.6826884563006,1.0,0.0
470.0,320.88296082672434,1.0,0.0
475.0,321.0,1.0,0.0
480.0,321.0,1.0,0.0
485.0,321.0,1.0,0.0
490.0,321.1309451716588,1.0,0.0
495.0,321.3638608096148,1.0,0.0
500.0,321.5967764475707,1.0,0.0
505.0,321.82969208552663,1.0,0.0
510.0,322.0,1.0,0.0
515.0,322.0,1.0,0.0
520.0,322.0,1.0,0.0
525.0,322.0,1.0,0.0
530.0,322.0,1.0,0.0
535.0,322.0,1.0,0.0
540.0,322.0,1.0,0.0
545.0,322.0,1.0,0.0
550.0,322.0923698509265,1.0,0.0
555.0,322.3245715877955,1.0,0.0
560.0,322.55677332466445,1.0,0.0
565.0,322.78897506153345,1.0,0.0
570.0,323.0,1.0,0.0
575.0,323.0,1.0,0.0
580.0,323.0,1.0,0.0
585.0,323.0509259259259,1.0,0.0
590.0,323.2824074074074,1.0,0.0
595.0,323.5138888888889,1.0,0.0
600.0,323.7453703703704,1.0,0.0
605.0,323.97685185185185,1.0,0.0
610.0,323.7492197949175,1.0,0.0
615.0,323.47057512260363,1.0,0.0
620.0,323.19193045028976,1.0,0.0
625.0,322.7805050077585,1.0,0.0
630.0,322.07518690929606,1.0,0.0
635.0,321.3698688108337,1.0,0.0
640.0,320.6645507123713,1.0,0.0
645.0,319.95923261390885,1.0,0.0
650.0,319.25391451544647,1.0,0.0
655.0,318.3164340643691,1.0,0.0
660.0,317.2483622899459,1.0,0.0
665.0,316.18029051552264,1.0,0.0
670.0,315.2829949968371,0.9904399332911611,0.2390016677209715
675.0,314.4203807004428,0.9789384093392374,0.526539766519064
680.0,313.55776640404855,0.9674368853873138,0.8140778653171564
685.0,311.75900471556133,0.8749031804956334,1.0
690.0,308.24741647436537,0.6341085582421981,1.0
695.0,304.73582823316946,0.39331393598876274,1.0
700.0,301.22423999197355,0.15251931373532746,1.0
705.0,297.1342012214722,0.0,1.0
710.0,292.04473374049076,0.0,1.0
715.0,286.95526625950924,0.0,1.0
720.0,281.8657987785278,0.0,1.0
725.0,275.85013793103445,0.0,1.0
730.0,269.2984137931034,0.0,1.0
735.0,262.74668965517236,0.0,1.0
740.0,255.78378378378375,0.0,1.0
745.0,248.6714082503556,0.0,1.0
750.0,241.55903271692745,0.0,1.0
755.0,234.53690476190474,0.0,1.0
760.0,228.5845238095238,0.0,1.0
765.0,222.63214285714284,0.0,1.0
770.0,216.6797619047619,0.0,1.0
775.0,210.72738095238094,0.0,1.0
780.0,206.47308001377567,0.0,1.0
785.0,202.45517162208702,0.0,1.0
790.0,198.43726323039834,0.0,1.0
795.0,194.9238870272858,0.0,1.0
800.0,192.1884702181495,0.0,1.0
805.0,189.45305340901317,0.0,1.0
810.0,186.12479999999996,0.011720000000000255,0.765599999999995
815.0,182.12479999999996,0.03672000000000025,0.26559999999999484
820.0,178.77341705913133,0.10826268969126235,0.0
825.0,176.15698587127156,0.23254317111460082,0.0
830.0,173.5405546834118,0.3568236525379393,0.0
835.0,172.0,0.43,0.0
840.0,172.0,0.43,0.0
845.0,172.9080802882141,0.5162676273803393,0.0
850.0,173.93741636644364,0.6140545548121467,0.0
855.0,175.0732242435323,0.673661212176616,0.0
860.0,176.2159246731877,0.730796233659384,0.0
865.0,177.35862510284304,0.7879312551421519,0.0
870.0,178.50132553249838,0.8450662766249198,0.0
875.0,179.0,0.87,0.0
880.0,179.0,0.87,0.0
885.0,183.00906842539163,0.8989543830722728,0.0
890.0,187.13107996702394,0.9287244664285061,0.0
895.0,191.25309150865624,0.9584945497847395,0.0
900.0,195.37510305028854,0.9882646331409728,0.0
905.0,198.02227472156596,1.0,0.0
910.0,199.70975362807965,1.0,0.0
915.0,202.27197892657227,1.0,0.0
920.0,205.01400374237943,1.0,0.0
925.0,207.4284420836603,1.0,0.0
930.0,209.84288042494114,1.0,0.0
935.0,212.257318766222,1.0,0.0
940.0,214.42927916769878,1.0,0.0
945.0,216.4935182891586,1.0,0.0
950.0,218.5452417467108,1.0,0.0
955.0,220.5631608685124,1.0,0.0
960.0,222.58107999031398,1.0,0.0
965.0,224.3565838387791,1.0,0.0
970.0,226.06857757777342,1.0,0.0
975.0,227.78057131676775,1.0,0.0
980.0,229.4925650557621,1.0,0.0
985.0,231.14992373066028,1.0,0.0
990.0,232.78426672477664,1.0,0.0
995.0,234.418609718893,1.0,0.0
1000.0,236.04860121503037,1.0,0.0
1005.0,237.5486387159679,1.0,0.0
1010.0,239.04867621690542,1.0,0.0
1015.0,240.0,1.0,0.0
1020.0,240.0,1.0,0.0
1025.0,240.46480000000003,1.0,0.0
1030.0,242.46480000000003,1.0,0.0
1035.0,244.46480000000003,1.0,0.0
1040.0,246.46480000000003,1.0,0.0
1045.0,248.46480000000003,1.0,0.0
1050.0,250.10375,1.0,0.0
1055.0,250.55017857142857,1.0,0.0
1060.0,250.99660714285713,1.0,0.0
1065.0,251.4430357142857,1.0,0.0
1070.0,251.88946428571427,1.0,0.0
1075.0,252.26660052441358,1.0,0.0
1080.0,252.62093402310254,1.0,0.0
1085.0,252.9752675217915,1.0,0.0
1090.0,253.32960102048048,1.0,0.0
1095.0,253.68393451916944,1.0,0.0
1100.0,254.0,1.0,0.0
1105.0,254.0,1.0,0.0
1110.0,254.0,1.0,0.0
1115.0,254.1875413596859,1.0,0.0
1120.0,254.40812635108307,1.0,0.0
1125.0,254.62871134248027,1.0,0.0
1130.0,254.84929633387745,1.0,0.0
1135.0,255.0,1.0,0.0
1140.0,255.0,1.0,0.0
1145.0,255.04377906976742,0.9854069767441874,0.0
1150.0,255.91587209302324,0.6947093023255836,0.0
1155.0,256.78796511627905,0.40401162790697964,0.0
1160.0,257.6600581395349,0.11331395348837581,0.0
1165.0,255.7675609756098,0.05022987804877978,0.0
1170.0,252.10902439024392,0.13254695121951218,0.0
1175.0,248.450487804878,0.21486402439024457,0.0
1180.0,245.22929698440853,0.26845859396881705,0.0
1185.0,242.89524787601528,0.26379049575203056,0.0
1190.0,240.47681861189957,0.26680135804530564,0.0
1195.0,237.69393888796125,0.3029787944565038,0.0
1200.0,234.91105916402293,0.33915623086770186,0.0
1205.0,232.1281794400846,0.3753336672789,0.0
1210.0,230.76631032856469,0.4379063826442377,0.0
1215.0,230.37329036315046,0.5184754755541576,0.0
1220.0,229.9802703977362,0.5990445684640776,0.0
1225.0,229.58725043232195,0.6796136613739976,0.0
1230.0,229.19423046690773,0.7601827542839175,0.0
1235.0,229.0,0.8127791814047499,0.0
1240.0,229.0,0.8380444669024761,0.0
1245.0,229.0,0.8633097524002024,0.0
1250.0,229.0,0.8885750378979287,0.0
1255.0,230.1306014857417,0.9148732326863172,0.0
1260.0,231.3287802540139,0.9412331655883062,0.0
1265.0,232.52695902228615,0.9675930984902952,0.0
1270.0,233.72513779055836,0.9939530313922841,0.0
1275.0,234.73158227848103,1.0,0.0
1280.0,235.68094936708863,1.0,0.0
1285.0,236.63031645569623,1.0,0.0
1290.0,238.41920788397178,1.0,0.0
1295.0,240.74349200446264,1.0,0.0
1300.0,241.4548345754023,0.9552964351829871,0.0
1305.0,240.26814449138462,0.8579878482935392,0.0
1310.0,239.08145440736698,0.7606792614040913,0.0
1315.0,237.8947643233493,0.6633706745146434,0.0
1320.0,236.61990111248454,0.5586418417799747,0.0
1325.0,235.07478368355993,0.431169653893695,0.0
1330.0,233.52966625463534,0.3036974660074152,0.0
1335.0,232.2594095109308,0.29147509578544106,0.0
1340.0,231.13252197430697,0.3393678160919544,0.0
1345.0,230.0056344376831,0.38726053639846764,0.0
1350.0,228.81388376383762,0.4365140682656828,0.0
1355.0,227.08417896678966,0.4970537361623616,0.0
1360.0,225.3544741697417,0.5575934040590403,0.0
1365.0,223.62476937269375,0.6181330719557192,0.0
1370.0,223.51103999999998,0.6859935999999994,0.0
1375.0,224.31104,0.7579935999999994,0.0
1380.0,225.0,0.8247588571428568,0.0
1385.0,225.0,0.859044571428571,0.0
1390.0,225.0,0.8933302857142854,0.0
1395.0,225.0,0.9276159999999997,0.0
1400.0,225.5403485027914,0.9508069700558279,0.0
1405.0,226.3862290644561,0.9677245812891219,0.0
1410.0,227.2321096261208,0.9846421925224158,0.0
1415.0,228.10776063581113,1.0,0.0
1420.0,229.27653108929405,1.0,0.0
1425.0,230.445301542777,1.0,0.0
1430.0,232.00183052398748,1.0,0.0
1435.0,233.90862634429106,1.0,0.0
1440.0,235.81542216459465,1.0,0.0
1445.0,236.85031067595557,0.9886625243205923,0.2834368919851929
1450.0,237.79175296554322,0.9761099604594237,0.5972509885144092
1455.0,238.73319525513088,0.9635573965982549,0.9110650850436254
1460.0,238.08521095295845,0.7404506287100243,1.0
1465.0,236.8086423693113,0.4340741686347096,1.0
1470.0,235.53207378566415,0.12769770855939488,1.0
1475.0,230.3830000000001,0.0,1.0
1480.0,222.46633333333344,0.0,1.0
1485.0,215.70972853068557,0.0,1.0
1490.0,214.12527727896904,0.0,1.0
1495.0,211.94037239129207,0.0,0.9184901839455439
1500.0,208.28396242335597,0.0,0.637227878719691
1505.0,204.6275524554199,0.0,0.35596557349383806
1510.0,200.9711424874838,0.0,0.07470326826798512
1515.0,198.65111580494076,0.0,0.0
1520.0,196.81439985306275,0.0,0.0
1525.0,195.22132064913265,0.02336038052602048,0.0
1530.0,193.82232792389482,0.06533016228315541,0.0
1535.0,192.43918367346942,0.18954489795918114,0.0
1540.0,191.0786394557823,0.43104149659864,0.0
1545.0,189.71809523809523,0.6725380952380987,0.0
1550.0,190.07857469164006,0.7986517816354499,0.0
1555.0,192.36272270443126,0.795796596619461,0.0
1560.0,194.64687071722247,0.792941411603472,0.0
1565.0,196.93101873001368,0.790086226587483,0.0
1570.0,197.9649751243781,0.7948248756218905,0.0
1575.0,198.96,0.7998000000000001,0.0
1580.0,199.9550248756219,0.8047751243781095,0.0
1585.0,200.9500497512438,0.8097502487562189,0.0
1590.0,201.69838235294117,0.8402632352941177,0.0
1595.0,202.43367647058824,0.8721259803921567,0.0
1600.0,203.16897058823528,0.9039887254901958,0.0
1605.0,203.90426470588235,0.9358514705882348,0.0
1610.0,204.9454347826087,0.9589086956521736,0.0
1615.0,206.0323913043478,0.9806478260869563,0.0
1620.0,207.40405845862685,1.0,0.0
1625.0,211.08400799074755,1.0,0.0
1630.0,214.46339285714285,1.0,0.0
1635.0,216.6955357142857,1.0,0.0
1640.0,218.92767857142854,1.0,0.0
1645.0,221.1598214285714,1.0,0.0
1650.0,223.39196428571427,1.0,0.0
1655.0,225.06436512580456,1.0,0.0
1660.0,226.5272088940901,1.0,0.0
1665.0,227.99005266237566,1.0,0.0
1670.0,229.45289643066124,1.0,0.0
1675.0,230.30486023181066,1.0,0.0
1680.0,230.79185740722704,1.0,0.0
1685.0,231.36705128205128,1.0,0.0
1690.0,232.0080769230769,1.0,0.0
1695.0,232.64910256410258,1.0,0.0
1700.0,233.2901282051282,1.0,0.0
1705.0,233.93115384615385,1.0,0.0
1710.0,234.85098674802174,1.0,0.0
1715.0,235.80436647916864,1.0,0.0
1720.0,236.5009454178747,1.0,0.0
1725.0,237.13122400100843,1.0,0.0
1730.0,237.7615025841422,1.0,0.0
1735.0,238.69639256105756,1.0,0.0
1740.0,239.81671521398164,1.0,0.0
1745.0,240.93703786690568,1.0,0.0
1750.0,241.19554137488086,1.0,0.0
1755.0,241.40272655699664,1.0,0.0
1760.0,241.60991173911242,1.0,0.0
1765.0,241.8170969212282,1.0,0.0
1770.0,242.16144733217007,1.0,0.0
1775.0,243.5389842960786,1.0,0.0
1780.0,244.91652125998712,1.0,0.0
1785.0,245.42787519927123,1.0,0.0
1790.0,245.88335231154633,1.0,0.0
1795.0,246.33882942382144,1.0,0.0
1800.0,246.79430653609657,1.0,0.0
1805.0,247.49552724315532,1.0,0.0
1810.0,248.39911448450346,1.0,0.0
1815.0,249.15075150751508,1.0,0.0
1820.0,249.60075600756008,1.0,0.0
1825.0,250.08057142857143,1.0,0.0
1830.0,250.79485714285715,1.0,0.0
1835.0,251.50914285714288,1.0,0.0
1840.0,252.22167103677984,1.0,0.0
1845.0,252.93033803415776,1.0,0.0
1850.0,253.63900503153567,1.0,0.0
1855.0,254.42949690673515,1.0,0.0
1860.0,255.30494922376562,1.0,0.0
1865.0,256.1804015407961,1.0,0.0
1870.0,257.0662558847964,1.0,0.0
1875.0,258.1047493769039,1.0,0.0
1880.0,259.1432428690114,1.0,0.0
1885.0,260.0603448275862,1.0,0.0
1890.0,260.4051724137931,1.0,0.0
1895.0,260.75,1.0,0.0
1900.0,261.2812436080998,1.0,0.0
1905.0,262.3039476375537,1.0,0.0
1910.0,263.3266516670076,1.0,0.0
1915.0,264.1450284452747,1.0,0.0
1920.0,264.56958478390084,1.0,0.0
1925.0,264.99414112252697,1.0,0.0
1930.0,265.83104407179576,1.0,0.0
1935.0,266.6737170304205,1.0,0.0
1940.0,267.40702733220417,1.0,0.0
1945.0,268.0712364252267,1.0,0.0
1950.0,268.73544551824915,1.0,0.0
1955.0,269.3996546112716,1.0,0.0
1960.0,270.06386370429414,1.0,0.0
1965.0,270.7280727973166,1.0,0.0
1970.0,271.389398035208,1.0,0.0
1975.0,272.0487242038636,1.0,0.0
1980.0,272.70805037251927,1.0,0.0
1985.0,273.26050773762216,1.0,0.0
1990.0,273.72803777642713,1.0,0.0
1995.0,274.19556781523215,1.0,0.0
2000.0,274.6630978540371,1.0,0.0
2005.0,275.1134757533913,1.0,0.0
2010.0,275.51961660303795,1.0,0.0
2015.0,275.9257574526846,1.0,0.0
2020.0,276.33189830233124,1.0,0.0
2025.0,276.7380391519779,1.0,0.0
2030.0,277.1901785714286,1.0,0.0
2035.0,277.72589285714287,1.0,0.0
2040.0,278.26160714285714,1.0,0.0
2045.0,278.7973214285714,1.0,0.0
2050.0,279.3330357142857,1.0,0.0
2055.0,279.86875000000003,1.0,0.0
2060.0,280.48190464032683,1.0,0.0
2065.0,281.12018893215037,1.0,0.0
2070.0,281.75847322397397,1.0,0.0
2075.0,282.0,1.0,0.0
2080.0,282.0,1.0,0.0
2085.0,282.06074050599483,1.0,0.0
2090.0,282.58891881899325,1.0,0.0
2095.0,283.1170971319917,1.0,0.0
2100.0,283.6452754449902,1.0,0.0
2105.0,284.10370089680436,1.0,0.0
2110.0,284.4194770746495,1.0,0.0
2115.0,284.7352532524946,1.0,0.0
2120.0,285.03619423042466,1.0,0.0
2125.0,285.260168428597,1.0,0.0
2130.0,285.48414262676937,1.0,0.0
2135.0,285.7081168249418,1.0,0.0
2140.0,285.93209102311414,1.0,0.0
2145.0,286.2185148018063,1.0,0.0
2150.0,286.5321123933768,1.0,0.0
2155.0,286.8457099849473,1.0,0.0
2160.0,287.2627586206896,1.0,0.0
2165.0,287.78,1.0,0.0
2170.0,288.2972413793103,1.0,0.0
2175.0,288.81448275862067,1.0,0.0
2180.0,289.331724137931,1.0,0.0
2185.0,289.84896551724137,1.0,0.0
2190.0,290.0,1.0,0.0
2195.0,290.0,1.0,0.0
2200.0,290.0,1.0,0.0
2205.0,290.0,1.0,0.0
2210.0,290.64832793959005,1.0,0.0
2215.0,291.41886269070733,1.0,0.0
2220.0,291.8474334305754,0.9237167152877026,0.07628328471229742
2225.0,291.2267394947552,0.6133697473775767,0.38663025262242334
2230.0,290.6060455589349,0.3030227794674508,0.6969772205325492
2235.0,289.9430715625838,0.0,1.0
2240.0,287.5308496381667,0.0,1.0
2245.0,285.1186277137496,0.0,1.0
2250.0,282.70640578933256,0.0,1.0
2255.0,280.273905371126,0.03549795963384164,0.9193228190139963
2260.0,277.7923789566559,0.15681702878571097,0.6435976618506569
2265.0,275.31085254218584,0.2781360979375803,0.3678725046873176
2270.0,272.82932612771583,0.3994551670894496,0.09214734752397824
2275.0,271.19844938842334,0.5297736684965855,0.0
2280.0,269.9945584127901,0.6646094577675086,0.0
2285.0,268.79066743715686,0.7994452470384317,0.0
2290.0,267.58677646152364,0.9342810363093548,0.0
2295.0,267.1721405064141,1.0,0.0
2300.0,267.5079588958291,1.0,0.0
2305.0,267.84377728524413,1.0,0.0
2310.0,268.17892271662765,1.0,0.0
2315.0,268.5134827701572,1.0,0.0
2320.0,268.84804282368685,1.0,0.0
2325.0,268.44600081201787,0.9021268101231613,0.18466639599403523
2330.0,267.4309784815266,0.7228061984030343,0.5230071728244636
2335.0,266.41595615103535,0.5434855866829074,0.8613479496548919
2340.0,260.8035609469771,0.40215760125220046,1.0
2345.0,251.99902171786337,0.28720945020543837,1.0
2350.0,243.19448248874966,0.17226129915867627,1.0
2355.0,234.38994325963597,0.05731314811191418,1.0
2360.0,225.61872860991767,0.0,1.0
2365.0,216.88065244302052,0.0,1.0
2370.0,208.14257627612338,0.0,1.0
2375.0,201.66754677993345,0.0,1.0
2380.0,195.86814336792514,0.0,1.0
2385.0,185.40333129850865,0.0,1.0
2390.0,174.93851922909215,0.0,1.0
2395.0,164.2699914015478,0.0,1.0
2400.0,155.5847983906237,0.0,1.0
2405.0,151.21149304644456,0.0,1.0
2410.0,146.9334652041,0.0009980219384999893,0.9833663010250002
2415.0,145.13522747707248,0.027971587843913064,0.5338068692681156
2420.0,143.33698975004492,0.05494515374932614,0.0842474375112311
2425.0,140.89563641072115,0.1441745435711537,0.0
2430.0,139.4216820077099,0.26216820077098957,0.0
2435.0,140.99512233498547,0.4195122334985454,0.0
2440.0,142.568562662261,0.5768562662261012,0.0
2445.0,144.5763183042307,0.6483737294761526,0.0
2450.0,146.74815393970982,0.6874667709147766,0.0
2455.0,149.9490797546012,0.7476822085889565,0.0
2460.0,154.5503067484663,0.8366392638036819,0.0
2465.0,159.15153374233142,0.9255963190184074,0.0
2470.0,163.9631083202514,1.0,0.0
2475.0,169.85007849293567,1.0,0.0
2480.0,174.5392,1.0,0.0
2485.0,178.5392,1.0,0.0
2490.0,181.55245781364638,1.0,0.0
2495.0,183.99804353142582,1.0,0.0
2500.0,188.2273846153847,1.0,0.0
2505.0,192.45815384615392,1.0,0.0
2510.0,195.8937313432836,1.0,0.0
2515.0,198.13253731343286,1.0,0.0
2520.0,200.3713432835821,1.0,0.0
2525.0,203.16757082579872,1.0,0.0
2530.0,206.1814345991562,1.0,0.0
2535.0,209.08163636363645,1.0,0.0
2540.0,211.8089090909092,1.0,0.0
2545.0,214.53618181818192,1.0,0.0
2550.0,217.26345454545464,1.0,0.0
2555.0,219.99072727272736,1.0,0.0
2560.0,221.66100000000006,1.0,0.0
2565.0,223.32766666666672,1.0,0.0
2570.0,224.9943333333334,1.0,0.0
2575.0,226.69136401105567,1.0,0.0
2580.0,228.388498278621,1.0,0.0
2585.0,230.08563254618633,1.0,0.0
2590.0,231.7827668137517,1.0,0.0
2595.0,234.0696857495491,1.0,0.0
2600.0,236.4431785816008,1.0,0.0
2605.0,238.14332661139747,1.0,0.0
2610.0,239.6370901486295,1.0,0.0
2615.0,241.0807001381852,1.0,0.0
2620.0,242.00193459235376,1.0,0.0
2625.0,242.92316904652236,1.0,0.0
2630.0,243.84440350069093,1.0,0.0
2635.0,244.76563795485953,1.0,0.0
2640.0,246.6776167761678,1.0,0.0
2645.0,248.92763927639282,1.0,0.0
2650.0,250.52989116679325,1.0,0.0
2655.0,251.5422930903569,1.0,0.0
2660.0,252.55469501392054,1.0,0.0
2665.0,253.5670969374842,1.0,0.0
2670.0,254.6554073395546,1.0,0.0
2675.0,255.8004236560371,1.0,0.0
2680.0,256.94543997251964,1.0,0.0
2685.0,258.09045628900213,1.0,0.0
2690.0,259.23547260548463,1.0,0.0
2695.0,260.3804889219671,1.0,0.0
2700.0,261.5255052384496,1.0,0.0
2705.0,262.20039696119363,1.0,0.0
2710.0,262.5426048867292,1.0,0.0
2715.0,262.8848128122647,1.0,0.0
2720.0,263.1615448302732,1.0,0.0
2725.0,263.4050552768714,1.0,0.0
2730.0,263.6485657234695,1.0,0.0
2735.0,263.8920761700677,1.0,0.0
2740.0,264.23548318883485,1.0,0.0
2745.0,264.6584055825756,1.0,0.0
2750.0,265.08132797631635,1.0,0.0
2755.0,265.5042503700571,1.0,0.0
2760.0,265.92717276379784,1.0,0.0
2765.0,262.99588709677414,0.8331048387096737,0.16689516129032636
2770.0,259.3668548387096,0.6314919354838686,0.36850806451613133
2775.0,255.73782258064514,0.4298790322580637,0.5701209677419363
2780.0,252.10879032258066,0.22826612903225862,0.7717338709677414
2785.0,248.47975806451618,0.026653225806453684,0.9733467741935463
2790.0,239.43998933617718,0.0,1.0
2795.0,229.5759530791791,0.0,1.0
2800.0,219.71191682218102,0.0,1.0
2805.0,210.12598639455805,0.0,1.0
2810.0,202.64299319727905,0.0,1.0
2815.0,195.16000000000005,0.0,1.0
2820.0,185.75670717725293,0.0,1.0
2825.0,167.41229075900068,0.0,1.0
2830.0,157.0,0.0,1.0
2835.0,156.40093023255753,0.0,1.0
2840.0,140.12186046511636,0.0,1.0
2845.0,127.26156941649907,0.0,1.0
2850.0,120.95932692307659,0.0,1.0
2855.0,111.82471153846129,0.0,1.0
2860.0,103.07813272673312,0.0,1.0
2865.0,96.64949065374323,0.0,1.0
2870.0,90.32666666666643,0.0,0.932666666666642
2875.0,84.77111111111087,0.0,0.3771111111110865
2880.0,79.61032593019887,0.0,0.0
2885.0,77.08829509149,0.12763868719140006,0.0
2890.0,74.38569309378607,0.1786780946101868,0.0
2895.0,77.68221526289766,0.25284984341519745,0.0
2900.0,79.88250000000006,0.2976500000000012,0.0
2905.0,83.45420857596618,0.36908417151932366,0.0
2910.0,88.0304512657453,0.4476213770331405,0.0
2915.0,92.33679717943946,0.5153887548710314,0.0
2920.0,96.9758767860458,0.5896140285767327,0.0
2925.0,99.68574514038883,0.6437149028077768,0.0
2930.0,106.59492468448913,0.709953860768083,0.0
2935.0,113.37527663610493,0.7910275055327215,0.0
2940.0,119.17146169248598,0.8911434292338487,0.0
2945.0,126.76399932329541,0.9659854508543385,0.0
2950.0,134.8877245508981,1.0,0.0
2955.0,140.61157097569568,1.0,0.0
2960.0,146.42261647194593,1.0,0.0
2965.0,153.63450165873377,1.0,0.0
2970.0,160.1507103150094,1.0,0.0
2975.0,166.32736256948743,1.0,0.0
2980.0,171.04835790018106,1.0,0.0
2985.0,173.63434186708048,1.0,0.0
2990.0,176.15858809332266,1.0,0.0
2995.0,178.67266693483515,1.0,0.0
3000.0,182.12996212121223,1.0,0.0
3005.0,185.72844696969707,1.0,0.0
3010.0,189.3269318181819,1.0,0.0
3015.0,192.92541666666673,1.0,0.0
3020.0,196.52390151515158,1.0,0.0
3025.0,199.51042657496163,1.0,0.0
3030.0,202.07133972342143,1.0,0.0
3035.0,204.63225287188124,1.0,0.0
3040.0,207.91954545454556,1.0,0.0
3045.0,211.32863636363646,1.0,0.0
3050.0,214.73772727272737,1.0,0.0
3055.0,218.14681818181828,1.0,0.0
3060.0,220.46051392439125,1.0,0.0
3065.0,221.4695277815149,1.0,0.0
3070.0,222.47854163863855,1.0,0.0
3075.0,224.08885422083557,1.0,0.0
3080.0,226.34227769110768,1.0,0.0
3085.0,228.59570116137982,1.0,0.0
3090.0,230.84912463165193,1.0,0.0
3095.0,233.10254810192407,1.0,0.0
3100.0,235.35597157219618,1.0,0.0
3105.0,236.0,1.0,0.0
3110.0,236.0,1.0,0.0
3115.0,236.92462311557784,1.0,0.0
3120.0,238.42466061651535,1.0,0.0
3125.0,239.92469811745286,1.0,0.0
3130.0,242.1806410138672,1.0,0.0
3135.0,244.4765359537148,1.0,0.0
3140.0,245.70322463108036,1.0,0.0
3145.0,246.61413736564037,1.0,0.0
3150.0,247.17431803060546,1.0,0.0
3155.0,247.4767434827315,1.0,0.0
3160.0,247.77916893485758,1.0,0.0
3165.0,248.41659681475278,1.0,0.0
3170.0,249.96069175453303,1.0,0.0
3175.0,251.5047866943133,1.0,0.0
3180.0,253.0488816340936,1.0,0.0
3185.0,254.59297657387384,1.0,0.0
3190.0,255.8494636059522,1.0,0.0
3195.0,257.00299919252507,1.0,0.0
3200.0,258.1565347790979,1.0,0.0
3205.0,259.0,1.0,0.0
3210.0,259.0,1.0,0.0
3215.0,259.0,1.0,0.0
3220.0,259.28781038374717,1.0,0.0
3225.0,260.0238983217195,1.0,0.0
3230.0,260.75998625969186,1.0,0.0
3235.0,261.4960741976642,1.0,0.0
3240.0,262.3796889295517,1.0,0.0
3245.0,263.58352193383735,1.0,0.0
3250.0,264.787354938123,1.0,0.0
3255.0,265.9911879424086,1.0,0.0
3260.0,267.1793424111591,1.0,0.0
3265.0,268.28639433189414,1.0,0.0
3270.0,269.39344625262925,1.0,0.0
3275.0,270.50049817336435,1.0,0.0
3280.0,271.45228284160214,1.0,0.0
3285.0,272.27641338388,1.0,0.0
3290.0,273.09945652173917,1.0,0.0
3295.0,273.9146739130435,1.0,0.0
3300.0,274.72989130434786,1.0,0.0
3305.0,275.5451086956522,1.0,0.0
3310.0,276.2384934980845,1.0,0.0
3315.0,276.7780715480494,1.0,0.0
3320.0,277.3176495980144,1.0,0.0
3325.0,277.8572276479793,1.0,0.0
3330.0,278.39365498536864,1.0,0.0
3335.0,278.9289486831775,1.0,0.0
3340.0,279.4642423809864,1.0,0.0
3345.0,279.99953607879524,1.0,0.0
3350.0,280.5348297766041,1.0,0.0
3355.0,281.0622702497148,1.0,0.0
3360.0,281.537615667385,1.0,0.0
3365.0,282.01296108505517,1.0,0.0
3370.0,282.4883065027253,1.0,0.0
3375.0,282.9636519203955,1.0,0.0
3380.0,283.4389973380657,1.0,0.0
3385.0,283.91434275573585,1.0,0.0
3390.0,284.5159869083585,1.0,0.0
3395.0,285.1453927492447,1.0,0.0
3400.0,285.7747985901309,1.0,0.0
3405.0,286.11188153310104,1.0,0.0
3410.0,286.2860975609756,1.0,0.0
3415.0,286.46031358885017,1.0,0.0
3420.0,286.63452961672476,1.0,0.0
3425.0,286.8087456445993,1.0,0.0
3430.0,286.9829616724739,1.0,0.0
3435.0,287.46826179477864,1.0,0.0
3440.0,287.98728395702494,1.0,0.0
3445.0,288.5063061192713,1.0,0.0
3450.0,289.010817520837,1.0,0.0
3455.0,289.23248802979253,1.0,0.0
3460.0,289.454158538748,1.0,0.0
3465.0,289.6758290477035,1.0,0.0
3470.0,289.897499556659,1.0,0.0
3475.0,290.0,1.0,0.0
3480.0,290.0,1.0,0.0
3485.0,290.0,1.0,0.0
3490.0,290.0,1.0,0.0
3495.0,290.0,1.0,0.0
3500.0,290.08443050278345,1.0,0.0
3505.0,290.30533710347265,1.0,0.0
3510.0,290.52624370416186,1.0,0.0
3515.0,290.7471503048511,1.0,0.0
3520.0,290.9680569055403,1.0,0.0
3525.0,291.3284441714022,1.0,0.0
3530.0,291.7124097680848,1.0,0.0
3535.0,292.0963753647673,1.0,0.0
3540.0,292.4803409614499,1.0,0.0
3545.0,292.8643065581324,1.0,0.0
3550.0,292.8576460745894,1.0,0.0
3555.0,292.63748844172426,1.0,0.0
3560.0,292.41733080885916,1.0,0.0
3565.0,292.197173175994,1.0,0.0
3570.0,292.0320678215997,1.0,0.0
3575.0,292.3392308637425,1.0,0.0
3580.0,292.64639390588525,1.0,0.0
3585.0,292.953556948028,1.0,0.0
3590.0,293.2165306122449,1.0,0.0
3595.0,293.47163265306125,1.0,0.0
3600.0,293.7267346938775,1.0,0.0
3605.0,293.98183673469384,1.0,0.0
3610.0,294.0,1.0,0.0
3615.0,294.0,1.0,0.0
3620.0,294.0,1.0,0.0
3625.0,294.0,1.0,0.0
3630.0,294.0,1.0,0.0
3635.0,294.0106341250817,1.0,0.0
3640.0,294.22854652429726,1.0,0.0
3645.0,294.44645892351275,1.0,0.0
3650.0,294.66437132272824,1.0,0.0
3655.0,294.8822837219438,1.0,0.0
3660.0,295.1165053463741,1.0,0.0
3665.0,295.36988800486495,1.0,0.0
3670.0,295.6232706633558,1.0,0.0
3675.0,295.8766533218466,1.0,0.0
3680.0,295.60319178548235,1.0,0.07936164290352993
3685.0,294.82998793802,1.0,0.2340024123960007
3690.0,294.05678409055764,1.0,0.38864318188847147
3695.0,293.2835802430953,1.0,0.5432839513809422
3700.0,292.51037639563293,1.0,0.697924720873413
3705.0,291.7371725481706,1.0,0.8525654903658838
3710.0,290.7862920036687,0.9902860001667568,1.0
3715.0,286.2002834987075,0.7818310681230676,1.0
3720.0,281.61427499374633,0.5733761360793783,1.0
3725.0,277.02826648878516,0.36492120403568895,1.0
3730.0,272.442257983824,0.1564662719919997,1.0
3735.0,268.40031602088493,0.0,1.0
3740.0,265.9958092882661,0.0,1.0
3745.0,263.59130255564725,0.0,1.0
3750.0,260.4901785714287,0.0,1.0
3755.0,256.02589285714294,0.0,1.0
3760.0,251.72031291535336,0.00540728363650155,0.9813541943568912
3765.0,248.87217559715947,0.060471271788250125,0.7914783731439651
3770.0,246.02403827896558,0.11553525993999869,0.6016025519310388
3775.0,243.17590096077168,0.17059924809174726,0.41172673071811283
3780.0,240.3277636425778,0.22566323624349585,0.2218509095051866
3785.0,237.4796263243839,0.2807272243952444,0.03197508829226048
3790.0,236.04046153846156,0.40514461538461266,0.0
3795.0,234.8866153846154,0.5436061538461512,0.0
3800.0,233.85026184780503,0.6634764336975484,0.0
3805.0,233.2037240576712,0.721664834809593,0.0
3810.0,232.55718626753736,0.7798532359216377,0.0
3815.0,232.09924358483337,0.8346313672922239,0.0
3820.0,232.81735924932974,0.8681434316353875,0.0
3825.0,233.5354749138261,0.9016554959785512,0.0
3830.0,234.25359057832247,0.9351675603217149,0.0
3835.0,234.97170624281884,0.9686796246648786,0.0
3840.0,234.2579374275782,0.6100996523754352,0.37103128621089154
3845.0,233.485438393202,0.23543762070296637,0.7572808033990037
3850.0,231.2322649699707,0.0,1.0
3855.0,226.47517393114094,0.0,1.0
3860.0,221.7180828923112,0.0,1.0
3865.0,216.97028985507234,0.0,1.0
3870.0,213.3471014492753,0.0,1.0
3875.0,209.72391304347823,0.0,1.0
3880.0,206.44711752650807,0.0,1.0
3885.0,204.2195491401586,0.0,1.0
3890.0,201.98667115449342,0.0,1.0
3895.0,198.2842140693369,0.0,1.0
3900.0,194.5817569841804,0.0,1.0
3905.0,190.85950294497917,0.0,0.9882919120815967
3910.0,186.54977733084326,0.0,0.6291481109036057
3915.0,182.24005171670737,0.0,0.27000430972561473
3920.0,178.58678590115588,0.017709175664747806,0.0
3925.0,176.92194263425773,0.08905960138895415,0.0
3930.0,175.2570993673596,0.1604100271131605,0.0
3935.0,173.59225610046144,0.23176045283736685,0.0
3940.0,171.94809523809528,0.30635833333332896,0.0
3945.0,170.75761904761907,0.45219166666666466,0.0
3950.0,169.56714285714284,0.5980250000000005,0.0
3955.0,168.37666666666664,0.7438583333333362,0.0
3960.0,170.10122950819678,0.8068098360655743,0.0
3965.0,173.17500000000007,0.8314000000000005,0.0
3970.0,176.24877049180333,0.8559901639344266,0.0
3975.0,179.3225409836066,0.8805803278688528,0.0
3980.0,182.39631147540985,0.9051704918032789,0.0
3985.0,184.91333333333336,0.9195666666666669,0.0
3990.0,187.29428571428576,0.9314714285714287,0.0
3995.0,190.03654970760243,0.9477741228070182,0.0
4000.0,193.69152046783637,0.9751864035087727,0.0
4005.0,197.24494014296795,1.0,0.0
4010.0,199.8286969253295,1.0,0.0
4015.0,202.41245370769101,1.0,0.0
4020.0,204.99621049005253,1.0,0.0
4025.0,207.57996727241408,1.0,0.0
4030.0,209.83023041474652,1.0,0.0
4035.0,211.6735483870968,1.0,0.0
4040.0,213.51686635944702,1.0,0.0
4045.0,215.36018433179726,1.0,0.0
4050.0,217.27972027972035,1.0,0.0
4055.0,219.8134184655924,1.0,0.0
4060.0,222.2317712738961,1.0,0.0
4065.0,223.92353239722553,1.0,0.0
4070.0,225.61529352055493,1.0,0.0
4075.0,227.30705464388436,1.0,0.0
4080.0,229.13538461538468,1.0,0.0
4085.0,231.05846153846156,1.0,0.0
4090.0,232.98153846153843,1.0,0.0
4095.0,234.99608258337742,1.0,0.0
4100.0,237.11360508205402,1.0,0.0
4105.0,239.23112758073066,1.0,0.0
4110.0,241.34865007940726,1.0,0.0
4115.0,243.2563962983126,1.0,0.0
4120.0,245.07094901106888,1.0,0.0
4125.0,246.88550172382514,1.0,0.0
4130.0,248.37281365759384,1.0,0.0
4135.0,249.3391528426478,1.0,0.0
4140.0,250.30549202770175,1.0,0.0
4145.0,251.2718312127557,1.0,0.0
4150.0,252.23817039780963,1.0,0.0
4155.0,253.20450958286358,1.0,0.0
4160.0,254.23218350551568,1.0,0.0
4165.0,255.5454386272107,1.0,0.0
4170.0,256.85869374890575,1.0,0.0
4175.0,257.92675159235677,1.0,0.0
4180.0,258.9652450844642,1.0,0.0
4185.0,260.003506379663,1.0,0.0
4190.0,260.97750073049576,1.0,0.0
4195.0,261.9514950813286,1.0,0.0
4200.0,262.9254894321613,1.0,0.0
4205.0,263.89948378299414,1.0,0.0
4210.0,264.5057237918006,1.0,0.0
4215.0,265.06964416624373,1.0,0.0
4220.0,265.6335645406869,1.0,0.0
4225.0,266.4393977415308,1.0,0.0
4230.0,267.6941028858219,1.0,0.0
4235.0,268.948808030113,1.0,0.0
4240.0,269.63708820403826,1.0,0.0
4245.0,270.3012752391073,1.0,0.0
4250.0,270.9654622741764,1.0,0.0
4255.0,271.7041625813352,1.0,0.0
4260.0,272.44695011438927,1.0,0.0
4265.0,273.1897376474433,1.0,0.0
4270.0,273.93252518049735,1.0,0.0
4275.0,274.67531271355136,1.0,0.0
4280.0,275.41810024660543,1.0,0.0
4285.0,276.0,1.0,0.0
4290.0,276.0,1.0,0.0
4295.0,276.0,1.0,0.0
4300.0,276.4942699902881,1.0,0.0
4305.0,277.14172871479445,1.0,0.0
4310.0,277.7891874393008,1.0,0.0
4315.0,278.30967030948665,1.0,0.0
4320.0,278.76884929745614,1.0,0.0
4325.0,279.2280282854257,1.0,0.0
4330.0,279.6872072733952,1.0,0.0
4335.0,280.2034980211924,1.0,0.0
4340.0,280.84182305630026,1.0,0.0
4345.0,281.4801480914081,1.0,0.0
4350.0,282.07377961520115,1.0,0.0
4355.0,282.4712990936556,1.0,0.0
4360.0,282.86881857211006,1.0,0.0
4365.0,283.26540960228175,1.0,0.0
4370.0,283.6615433370306,1.0,0.0
4375.0,284.06545291076645,1.0,0.0
4380.0,284.51499213306363,1.0,0.0
4385.0,284.96453135536075,1.0,0.0
4390.0,285.4140705776579,1.0,0.0
4395.0,285.86360979995504,1.0,0.0
4400.0,286.241875,1.0,0.0
4405.0,286.5890972222222,1.0,0.0
4410.0,286.93631944444445,1.0,0.0
4415.0,287.2835416666667,1.0,0.0
4420.0,287.6307638888889,1.0,0.0
4425.0,287.97798611111114,1.0,0.0
4430.0,288.2083463095609,1.0,0.0
4435.0,288.43079592472304,1.0,0.0
4440.0,288.65324553988523,1.0,0.0
4445.0,288.87569515504737,1.0,0.0
4450.0,289.13691658391264,1.0,0.0
4455.0,289.44724428997023,1.0,0.0
4460.0,289.7575719960278,1.0,0.0
4465.0,290.0,1.0,0.0
4470.0,290.0,1.0,0.0
4475.0,290.0,1.0,0.0
4480.0,290.0,1.0,0.0
4485.0,290.18092155956236,1.0,0.0
4490.0,290.69461139364057,1.0,0.0
4495.0,291.2083012277187,1.0,0.0
4500.0,291.72199106179687,1.0,0.0
4505.0,292.088081707879,1.0,0.0
4510.0,292.28006450622024,1.0,0.0
4515.0,292.4720473045615,1.0,0.0
4520.0,292.66403010290276,1.0,0.0
4525.0,292.85601290124407,1.0,0.0
4530.0,293.0,1.0,0.0
4535.0,293.0,1.0,0.0
4540.0,293.0,1.0,0.0
4545.0,293.0,1.0,0.0
4550.0,293.0,1.0,0.0
4555.0,293.0,1.0,0.0
4560.0,293.29746014796734,1.0,0.0
4565.0,294.06017847608877,1.0,0.0
4570.0,294.8228968042102,1.0,0.0
4575.0,295.0,1.0,0.0
4580.0,295.0,1.0,0.0
4585.0,295.0,1.0,0.0
4590.0,295.0928276436934,1.0,0.0
4595.0,295.28227181449626,1.0,0.0
4600.0,295.4717159852991,1.0,0.0
4605.0,295.66116015610197,1.0,0.0
4610.0,295.85060432690483,1.0,0.0
4615.0,296.06384585183173,1.0,0.0
4620.0,296.3658602881218,1.0,0.0
4625.0,296.66787472441183,1.0,0.0
4630.0,296.9698891607019,1.0,0.0
4635.0,297.27190359699193,1.0,0.0
4640.0,297.573918033282,1.0,0.0
4645.0,297.87593246957204,1.0,0.0
4650.0,298.0,1.0,0.0
4655.0,298.0,1.0,0.0
4660.0,298.0,1.0,0.0
4665.0,298.2358400642151,1.0,0.0
4670.0,298.4866803792706,1.0,0.0
4675.0,298.737520694326,1.0,0.0
4680.0,298.98836100938144,1.0,0.0
4685.0,299.0,1.0,0.0
4690.0,299.0,1.0,0.0
4695.0,299.0,1.0,0.0
4700.0,299.0,1.0,0.0
4705.0,299.36135301812743,1.0,0.0
4710.0,299.7351149317884,1.0,0.0
4715.0,300.10887684544946,1.0,0.0
4720.0,300.48263875911044,1.0,0.0
4725.0,300.85640067277143,1.0,0.0
4730.0,301.0,1.0,0.0
4735.0,301.0,1.0,0.0
4740.0,301.0,1.0,0.0
4745.0,301.06739843051554,1.0,0.0
4750.0,301.3157345783252,1.0,0.0
4755.0,301.5640707261349,1.0,0.0
4760.0,301.81240687394455,1.0,0.0
4765.0,302.0,1.0,0.0
4770.0,302.0,1.0,0.0
4775.0,302.0,1.0,0.0
4780.0,302.1663993346403,1.0,0.0
4785.0,302.46343491950336,1.0,0.0
4790.0,302.7604705043664,1.0,0.0
4795.0,303.0,1.0,0.0
4800.0,303.0,1.0,0.0
4805.0,303.0,1.0,0.0
4810.0,303.0,1.0,0.0
4815.0,303.2081709182415,1.0,0.0
4820.0,303.4548773868851,1.0,0.0
4825.0,303.7015838555287,1.0,0.0
4830.0,303.9482903241723,1.0,0.0
4835.0,303.83230788814865,1.0,0.0
4840.0,303.6201468154623,1.0,0.0
4845.0,303.4079857427759,1.0,0.0
4850.0,303.1958246700895,1.0,0.0
4855.0,303.0103619970394,1.0,0.0
4860.0,303.14493338716187,1.0,0.0
4865.0,303.27950477728433,1.0,0.0
4870.0,303.4140761674068,1.0,0.0
4875.0,303.54864755752925,1.0,0.0
4880.0,303.6832189476517,1.0,0.0
4885.0,303.81779033777417,1.0,0.0
4890.0,303.95236172789663,1.0,0.0
4895.0,303.67914969702997,1.0,0.0
4900.0,303.1824774014106,1.0,0.0
4905.0,302.68580510579125,1.0,0.0
4910.0,302.1891328101719,1.0,0.0
4915.0,301.81423814238144,1.0,0.0
4920.0,301.5142351423514,1.0,0.0
4925.0,301.21423214232146,1.0,0.0
4930.0,300.91422914229145,1.0,0.0
4935.0,300.61422614226143,1.0,0.0
4940.0,300.3142231422314,1.0,0.0
4945.0,300.01422014220145,1.0,0.0
4950.0,300.0,1.0,0.0
4955.0,300.0,1.0,0.0
4960.0,300.0,1.0,0.0
4965.0,299.8446796769177,1.0,0.0
4970.0,299.59383936186225,1.0,0.0
4975.0,299.3429990468068,1.0,0.0
4980.0,299.0921587317514,1.0,0.0
4985.0,298.8805919438258,1.0,0.0
4990.0,298.6918343463324,1.0,0.0
4995.0,298.50307674883913,1.0,0.0
5000.0,298.31431915134584,1.0,0.0
5005.0,298.12556155385255,1.0,0.0
5010.0,297.8731818181818,1.0,0.0
5015.0,297.49439393939394,1.0,0.0
5020.0,297.11560606060607,1.0,0.0
5025.0,297.0,1.0,0.0
5030.0,297.0,1.0,0.0
5035.0,297.0,1.0,0.0
5040.0,297.0,1.0,0.0
5045.0,297.0,1.0,0.0
5050.0,297.0,1.0,0.0
5055.0,297.0,1.0,0.0
5060.0,297.0,1.0,0.0
5065.0,297.0,1.0,0.0
5070.0,297.0,1.0,0.0
5075.0,297.0,1.0,0.0
5080.0,297.0,1.0,0.0
5085.0,297.0,1.0,0.0
5090.0,297.0,1.0,0.0
5095.0,297.0,1.0,0.0
5100.0,297.0,1.0,0.0
5105.0,297.0,1.0,0.0
5110.0,297.0,1.0,0.0
5115.0,297.0,1.0,0.0
5120.0,297.0,1.0,0.0
5125.0,297.168900298237,1.0,0.0
5130.0,297.3576578957303,1.0,0.0
5135.0,297.5464154932236,1.0,0.0
5140.0,297.7351730907169,1.0,0.0
5145.0,297.9239306882102,1.0,0.0
5150.0,298.0,1.0,0.0
5155.0,298.0,1.0,0.0
5160.0,298.0,1.0,0.0
5165.0,298.0,1.0,0.0
5170.0,298.0,1.0,0.0
5175.0,298.0608015135879,1.0,0.0
5180.0,298.27579979360166,1.0,0.0
5185.0,298.4907980736154,1.0,0.0
5190.0,298.7057963536292,1.0,0.0
5195.0,298.92079463364297,1.0,0.0
5200.0,299.0,1.0,0.0
5205.0,299.0,1.0,0.0
5210.0,299.0,1.0,0.0
5215.0,299.0,1.0,0.0
5220.0,299.0,1.0,0.0
5225.0,299.0948037921517,1.0,0.0
5230.0,299.3948157926317,1.0,0.0
5235.0,299.6948277931117,1.0,0.0
5240.0,299.9948397935917,1.0,0.0
5245.0,294.33702602230505,0.8173234200743559,0.1826765799256441
5250.0,288.5749442379183,0.631449814126398,0.368550185873602
5255.0,282.81286245353164,0.4455762081784401,0.5544237918215599
5260.0,277.05078066914496,0.25970260223048225,0.7402973977695178
5265.0,271.2886988847583,0.07382899628252426,0.9261710037174757
5270.0,264.4218445910664,0.0,1.0
5275.0,256.8270280533534,0.0,1.0
5280.0,249.2322115156404,0.0,1.0
5285.0,241.63739497792739,0.0,1.0
5290.0,228.7224802145327,0.0,1.0
5295.0,207.46536725750445,0.0,1.0
5300.0,186.20825430047617,0.0,1.0
5305.0,168.91268965517176,0.0,1.0
5310.0,159.60234482758554,0.0,1.0
5315.0,150.29199999999935,0.0,1.0
5320.0,141.52615844544042,0.0,1.0
5325.0,133.47740600206924,0.0,1.0
5330.0,128.0095046082949,0.0,1.0
5335.0,122.62560651119144,0.0,1.0
5340.0,114.65442764578911,0.0,1.0
5345.0,101.15550755939502,0.0,1.0
5350.0,98.32035268185166,0.0,0.16017634092583244
5355.0,96.04483738553846,0.0,0.0
5360.0,93.3046116504855,0.07346682847896156,0.0
5365.0,90.2706310679612,0.20493932038834775,0.0
5370.0,90.40607233579291,0.32678843595016355,0.0
5375.0,92.82532962380554,0.4417031571307635,0.0
5380.0,96.52646476082687,0.5557826210019643,0.0
5385.0,103.60260401924675,0.2302802151146493,0.0
5390.0,105.28480259599792,0.07708815575987507,0.0
5395.0,104.20313683071937,0.012188209843162573,0.0
5400.0,102.19055398782112,0.00603148670726294,0.0
5405.0,100.29454545454536,0.1299272727272882,0.0
5410.0,99.36350018724255,0.3627225065534894,0.0
5415.0,101.86006740731483,0.4501023592560188,0.0
5420.0,104.15338899108518,0.5399801896136909,0.0
5425.0,107.02624827313934,0.6084547069271823,0.0
5430.0,114.52894211576813,0.546397205588812,0.0
5435.0,119.06532389765891,0.6870250408274265,0.0
5440.0,123.60170567954971,0.8276528760660411,0.0
5445.0,128.61069302482312,0.8758609457486243,0.0
5450.0,133.8601307189547,0.9138705882352962,0.0
5455.0,140.39607843137293,0.9432823529411782,0.0
5460.0,146.93202614379115,0.9726941176470602,0.0
5465.0,153.10326923076929,1.0,0.0
5470.0,154.54557692307688,1.0,0.0
5475.0,155.9878846153845,1.0,0.0
5480.0,163.2437723719773,1.0,0.0
5485.0,170.5489078822413,1.0,0.0
5490.0,176.70938438963046,1.0,0.0
5495.0,179.50443714625112,1.0,0.0
5500.0,182.29948990287178,1.0,0.0
5505.0,185.36955001165754,1.0,0.0
5510.0,188.86686873397065,1.0,0.0
5515.0,192.36418745628373,1.0,0.0
5520.0,195.32351784700091,1.0,0.0
5525.0,198.16330988684538,1.0,0.0
5530.0,201.00310192668982,1.0,0.0
5535.0,203.8428939665343,1.0,0.0
5540.0,206.60930875576048,1.0,0.0
5545.0,209.1438709677421,1.0,0.0
5550.0,211.67843317972367,1.0,0.0
5555.0,214.21299539170525,1.0,0.0
5560.0,216.74755760368683,1.0,0.0
5565.0,217.92084270812032,1.0,0.0
5570.0,218.94354673757417,1.0,0.0
5575.0,219.96625076702804,1.0,0.0
5580.0,222.90652239254592,1.0,0.0
5585.0,225.91223324316218,1.0,0.0
5590.0,227.8748551564311,1.0,0.0
5595.0,229.80610274237156,1.0,0.0
5600.0,231.73735032831203,1.0,0.0
5605.0,233.52590004557186,1.0,0.0
5610.0,235.04496430198986,1.0,0.0
5615.0,236.5640285584079,1.0,0.0
5620.0,237.95241275672055,1.0,0.0
5625.0,239.28819502421098,1.0,0.0
5630.0,240.62397729170138,1.0,0.0
5635.0,241.95975955919178,1.0,0.0
5640.0,243.2955418266822,1.0,0.0
5645.0,244.6313240941726,1.0,0.0
5650.0,245.6542267202819,1.0,0.0
5655.0,246.55785478696967,1.0,0.0
5660.0,247.46148285365743,1.0,0.0
5665.0,248.3651109203452,1.0,0.0
5670.0,249.59512732002602,1.0,0.0
5675.0,251.5962279253589,1.0,0.0
5680.0,253.5973285306918,1.0,0.0
5685.0,255.5984291360247,1.0,0.0
5690.0,257.64324974235643,1.0,0.0
5695.0,259.7902782548952,1.0,0.0
5700.0,261.937306767434,1.0,0.0
5705.0,262.8891195506167,1.0,0.0
5710.0,263.80498229332034,1.0,0.0
5715.0,264.72084503602395,1.0,0.0
5720.0,265.63670777872755,1.0,0.0
5725.0,266.5525705214312,1.0,0.0
5730.0,267.46843326413483,1.0,0.0
5735.0,268.27973333333335,1.0,0.0
5740.0,268.9464,1.0,0.0
5745.0,269.61306666666667,1.0,0.0
5750.0,270.0,1.0,0.0
